,SCAC,Consignee
0,OFOP,N/A
1,SNEA,CASTLEGATE TRADE SERVICES LLC
2,SNEA,FLEXPORT INTERNATIONAL LLC
3,SNEA,"KUEHNE + NAGEL, INC."
4,SNEA,YSN IMPORTS
5,SNEA,UPS OCEAN FREIGHT SERVICES INC
6,SNEA,FLEXPORT INTERNATIONAL  LLC
7,SNEA,CANADIAN SOLAR (USA) INC.
8,SNEA,SCHENKER INC
9,SNEA,FORMOSA CONTAINER LINE
10,SNEA,"TRANSCON SHIPPING CO., INC."
11,DEUC,VANTEC HITACHI TRANSPORT SYSTEM (US
12,ADXH,SHIPCO TRANSPORT INC.
13,ADXH,MB LOGISTICS INTERNATIONAL INC.
14,ADXH,WILLIAMS SONOMA SINGAPORE PTE LTD
15,ADXH,REJUVENATION INC
16,ADXH,SHIPCO TRANSPORT INC
17,ADXH,SCHENKER INC.
18,ADXH,POLARIS INDUSTRIES C O
19,ADXH,EXPEDITORS INTERNATIONAL OF WASHINGT
20,ADXH,YUSEN LOGISTICS AMERICAS INC.
21,ADXH,"CITY OCEAN INTERNATIONAL INC., (LOS"
22,ADXH,NORTH POLE STAR  S.DE R.L. DE C.V.
23,ADXH,EXPEDITORS INT'L OF WASHINGTON INC.
24,ADXH,CURRENT LIGHTINGSOLUTIONS
25,ADXH,"ULINE, INC."
26,ADXH,N/A
27,ADXH,POLARIS INDUSTRIES INC.
28,ADXH,FD SALES COMPANY LLC
29,ADXH,NIK TRANSPORT
30,ADXH,YAMAHA MOTOR CORPORATION  USA
31,ADXH,YAMAHA MOTOR CORP
32,MKMG,KERRY FREIGHT USA INC
33,GATI,TOYO TIRE U.S.A. CORPORATION
34,GATI,N/A
35,ZHTP,CH ROBINSON INTERNATIONAL INC
36,ZHTP,C.H. ROBINSON INTERNATIONAL INC.
37,ZHTP,TAP WORLDWIDE LLC
38,ZHTP,"ROHLIG USA, LLC"
39,ZHTP,"C.H. ROBINSON INTERNATIONAL,INC."
40,ZHTP,OEC FREIGHT (NY) INC
41,ZHTP,"C.H. ROBINSON INTERNATIONAL, INC."
42,ZHTP,C.H. ROBINSON INTERNATIONAL INC. (C
43,ZHTP,N/A
44,ZHTP,C.H. ROBINSON INTERNATIONAL INC
45,ZHTP,OEC GROUP
46,MCLQ,SH TRANSPORT INC
47,MCLQ,OEC SHIPPING LOS ANGELES INC
48,MCLQ,"ULTRA AIR CARGO, INC."
49,MCLQ,GLOBAL FREIGHT SERVICES USA LLC
50,MCLQ,N/A
51,MXDP,FD SALES COMPANY LLC
52,MXDP,EMSER TILE LLC
53,MXDP,VANTEC HITACHI TRANSPORT(USA) INC.
54,MXDP,SOUTH EAST WORLD WIDE LTD.
55,MXDP,N/A
56,MXDP,PEGASUS MARITIME
57,MXDP,ACROCARGO EXPRESS USA INC
58,HKTH,NNR GLOBAL LOGISTICS USA INC
59,HKTH,APEX LOGISTICS INTERNATIONAL ORD IN
60,GGEJ,CAPITAL FREIGHT MANAGEMENT INC.
61,GGEJ,JDY INTERNATIONAL INC
62,GGEJ,"SEAMAX FREIGHT INTERNATIONAL, INC"
63,GGEJ,IMMORTAL SERVICE INC.
64,GGEJ,N/A
65,GGEJ,APEX MARITIME CO.  INC.
66,GGEJ,OCEANBRIDGE LOGISTICS INC.
67,GGEJ,EVEREST GLOBAL FREIGHT SERVICE INC.
68,GGEJ,PRIME AGENCY
69,GGEJ,BARKLAYS LOGISTICS INC.
70,GGEJ,"CITY OCEAN INTERNATIONAL INC., (LOS"
71,GGEJ,ACROCARGO EXPRESS USA INC
72,WTIK,CAPITAL FREIGHT MANAGEMENT INC.
73,WTIK,TOPOCEAN CONSOLIDATION SERVICES INC
74,WTIK,CIL FREIGHT INC.
75,WTIK,TOPOCEAN CONSOLIDATION SERVICE
76,WTIK,AIR TIGER EXPRESS(USA) INC.
77,ADXF,UML INTERNATIONAL (USA) INC.
78,ADXF,UNITED GLOBAL LOGISTICS INC
79,ADXF,DE WELL CONTAINER SHIPPING INC.
80,ADXF,WORLDWIDE LOGISTICS INC
81,ADXF,WECAN INTERNATIONAL LOGISTICS (USA)
82,KTEV,HEADWIN GLOBAL LOGISTICS (USA) INC.
83,KTEV,"APEX MARITIME CO., INC. DBA APEX SHIPPING COMPANY DBA KERRY"
84,KTEV,CGL COHESION GLOBAL LOGISTICS LLC
85,KTEV,O.E.C. SHIPPING LOS ANGELES INC.
86,KTEV,BVL GROUP (USA) INC.
87,KTEV,"PANDA LOGISTICS USA, INC."
88,KTEV,TRI-UNION SEAFOODS LLC
89,KTEV,APEX MARITIME CO. (LAX) INC.
90,KTEV,"FALCONE GLOBAL SOLUTIONS, LLC"
91,KTEV,LAUFER GROUP INTERNATIONAL LTD.
92,KTEV,"BESTOCEAN WORLDWIDE LOGISTICS, INC."
93,JDXQ,BELLA CANVAS LLC
94,JDXQ,"TRANS WAGON INTL (USA) CO., LTD."
95,JDXQ,TRANSMODAL CORPORATION
96,JDXQ,C.H. ROBINSON INTERNATIONAL INC.
97,JDXQ,BELLA CANVAS
98,JDXQ,FORDPOINTER SHIPPING (L.A.) INC
99,JDXQ,AMERASIA SHIPPING LOGISTICS U.S.
100,JDXQ,"C.H. ROBINSON INTERNATIONAL, INC."
101,JDXQ,C H ROBINSON ( NEW JERSEY)
102,JDXQ,"CENTRANS MARINE SHIPPING, INC."
103,JDXQ,"C.H. ROBINSON INTERNATIONAL, INC"
104,JDXQ,N/A
105,JDXQ,NFI GLOBAL  LLC.
106,JDXQ,APEX MARITIME CO. (LAX) INC.
107,JDXQ,RUBBER CAL INC
108,CUOT,AMERICAN HONDA MOTOR COMPANY INC
109,MXLH,GREAT WORLD EXPRESS CORP
110,MXLH,"GRAMTER INTERNATIONAL (U.S.A.) CO.,"
111,MXLH,TOPOCEAN CONSOLIDATION SERVICE
112,MXLH,"SEAMAX FREIGHT INTERNATIONAL, INC"
113,MXLH,UNIPAC SHIPPING INC.(LAX)
114,MXLH,"SPEEDLINE SYSTEMS, INC."
115,MXLH,EASY EXPRESS INC
116,NOTQ,FEDEX TRADE NETWORKS & BROKERAGE
117,NOTQ,HARBOR FREIGHT TOOLS
118,TIYI,WORLDWIDE LOGISTICS  INC. DBA
119,TIYI,"ROGERS AND BROWN CUSTOM BROKERS,INC"
120,TIYI,UNIPAC SHIPPING INC. (LAX)
121,TIYI,BVL GROUP (USA) INC.
122,TIYI,CREATIVE BABY
123,TIYI,UNITED STONE GLOBAL LOGISTICS INC
124,TIYI,NEPTUNE SHIPPING LIMITED
125,TIYI,FURNITURE OF AMERICA
126,TIYI,DOLPHIN INTERNATIONAL
127,TIYI,ORBO CORPORATION COMPANY
128,TIYI,UNIQUE LOGISTICS INTERNATIONAL
129,TIYI,LF LOGISTICS USA LLC
130,TIYI,NORTHSTAR FREIGHT INTERNATIONAL INC
131,TIYI,NORSTAR OFFICE PRODUCTS INC
132,TIYI,N/A
133,TIYI,ROGERS AND BROWN CUSTOMS BROKERS
134,TIYI,MOTHERLINES INC
135,TIYI,APEX MARITIME CO. (LAX) INC.
136,TIYI,CHENBRO MICOM USA
137,TIYI,WTO EXPRESS (USA) CORP
138,DGNN,KARABETIAN IMPORTS & DISTRBUTION IN
139,DGNN,MARINE AIR LOGISTICS
140,DGNN,MOHAWK GLOBAL LOGISTICS
141,BMXQ,SUN TRACK EXPRESS INC
142,BMXQ,N/A
143,BMXQ,LAUFER GROUP INTERNATIONAL LTD
144,BMXQ,SEA SHIPPING LINE
145,DYKI,TANERA TRANSPORT LLC
146,DYKI,GREAT LUCK INC.
147,DYKI,"DOLLAR TREE DISTRIBUTION,INC."
148,DYKI,MATTEL IMPORT SERVICES CORP.
149,DYKI,"APEX MARITIME CO., (ORD) INC"
150,DYKI,CASTLEGATE TRADE SERVICES LLC
151,DYKI,EXPEDITORS INTERNATIONAL OF WASHINGT
152,DYKI,"UWL,INC."
153,DYKI,MATTEL INC
154,DYKI,"C. H. ROBINSON FREIGHT SERVICES,"
155,DYKI,WEST FORWARDING SERVICES
156,DYKI,DOLLAR TREE DISTRIBUTION INC500
157,DYKI,C.H. ROBINSON INTERNATIONAL INC
158,DYKI,C.H. ROBINSON INTERNATIONAL INC. (D
159,DYKI,MITSUBISHI ELECTRIC TRANE HVAC
160,DYKI,MATTEL IMPORT SERVICES CORP
161,DYKI,SANITIZED
162,DYKI,HAI-WIND WORLDWIDE INC
163,DYKI,N/A
164,DYKI,FNS INC LAX
165,DYKI,PRIME AGENCY
166,DYKI,"DOLLAR TREE DISTRIBUTION, INC."
167,DYKI,DOLLAR GENERAL CORPORATION
168,DYKI,CROSS-CONTINENTS TRANS INC
169,DYKI,LONGSAIL USA CORPORATION
170,DYKI,KOHLER CO
171,DYKI,DIRECT SERVICE INC
172,DYKI,"C.H. ROBINSON INTERNATIONAL, INC"
173,DYKI,DOLLAR TREE DISTRIBUTION INC.
174,DYKI,"C.H. ROBINSON INTERNATIONAL, INC.-"
175,DYKI,DE WELL CONTAINER SHIPPING INC.
176,DYKI,"MATTEL IMPORT SERVICES CORP.,"
177,DYKI,FORDPOINTER SHIPPING (L.A.) INC
178,FRQT,US PACIFIC TRANSPORT INC (NYC)
179,FRQT,"AM GLOBAL SHIPPING CO., LTD."
180,FRQT,"UPS OCEAN FREIGHT SERVICES, INC"
181,FRQT,TOPOCEAN CONSOLIDATION SERVICE (LAX
182,FRQT,"TD LOGISTICS, INC"
183,FRQT,ASCENT GLOBAL LOGISTICS
184,FRQT,US PACIFIC SHIPPING CORP.
185,FRQT,THE HERCULES TIRE & RUBBER COMPANY
186,FRQT,"SEAMAX FREIGHT INTERNATIONAL, INC"
187,FRQT,UPS OCEAN FREIGHT SERVICES INC
188,FRQT,BVL GROUP (USA) INC.
189,FRQT,"PANDA LOGISTICS USA, INC."
190,FRQT,"APEX MARITIME CO., (ORD) INC"
191,FRQT,"ROSS PROCUREMENT, INC."
192,FRQT,N/A
193,FRQT,HONOUR LANE LOGISTICS (USA) INC.
194,FRQT,SGL EXPRESS LINE
195,FRQT,ACROCARGO EXPRESS USA INC
196,MWCJ,TOPOCEAN CONSOLIDATION SERVICES INC
197,MWCJ,OEC FREIGHT (NY) INC
198,MWCJ,C.H. ROBINSON INTERNATIONAL  INC.
199,MWCJ,OEC FREIGHT (NY) INC.
200,MWCJ,N/A
201,MWCJ,C.H. ROBINSON INTERNATIONAL INC
202,CJXE,EXPEDITORS INTERNATIONAL OF WASHINGT
203,CJXE,EXPEDITORS INT'L OF WASHINGTON INC.
204,CJXE,CANON U.S.A. INC.
205,CJXE,AIR TIGER EXPRESS
206,CJXE,N/A
207,CJXE,ALURON PACIFIC AMERICAS LLC
208,GOHE,"AM GLOBAL SHIPPING CO., LTD."
209,GOHE,UNIQUE LOGISTICS INTERNATIONAL LOS
210,GOHE,SEKO LOGISTICS
211,GOHE,HANJIN INTERMODAL AMERICA INC
212,GOHE,N/A
213,GOHE,"TRAN SMART LOGTISTICS,INC"
214,GOHE,FRANGIPANI TRADE SERVICES INC
215,GOHE,SEASKY LOGISTICS  INC.
216,GOHE,PRIME AGENCY
217,GOHE,DOLPHIN INTERNATIONAL TRANSPORTATIO
218,WLGO,DB SHIPPING USA INC
219,WLGO,DSV AIR & SEA INC
220,WLGO,DSV AIR  SEA INC
221,MHBQ,SOUTH EAST WORLD WIDE LTD.
222,MHBQ,UNIVERSAL CARGO MANAGEMENT
223,MHBQ,TOPOCEAN CONSOLIDATION SERVICE (LAX
224,KYRT,"KCC TRANSPORT SYSTEMS, INC (LA)"
225,KYRT,HANKOOK TIRE AMERICA CORP.
226,KYRT,SOUTH EAST WORLD WIDE LTD.
227,KYRT,N/A
228,KYRT,HANKOOK TIRE AMERICA CORPORATION
229,KYRT,CROSS-CONTINENTS TRANS INC
230,GPML,APEX LOGISTICS INTERNATIONAL ORD IN
231,GPML,AIR SEA TRANSPORT (CHICAGO) INC
232,GPML,"ULINE, INC."
233,GPML,UNIMACTS LLC
234,GPML,STARLINK FREIGHT SYSTEM SFO INC.
235,GPML,CANADIAN SOLAR (USA) INC.
236,GPML,JHI TRANS INC.
237,GJGQ,N/A
238,GJGQ,NEPTUNE SHIPPING LIMITED
239,GJGQ,EZ LOGISTICS LLC
240,GJGQ,"GS FREIGHT FORWARDING, INC."
241,ETSE,HUA FENG (USA) LOGISTICS INC.
242,ETSE,MOHAWK GLOBAL LOGISTICS CO. LTD
243,ETSE,O.E.C. SHIPPING LOS ANGELES INC.
244,ETSE,MOHAWK GLOBAL LOGISTICS
245,ETSE,N/A
246,ETSE,"LIFETIME BRANDS, INC"
247,FTJO,N/A
248,VPEC,TOPOCEAN CONSOLIDATION SERVICES INC
249,VPEC,"AMERICAN RIVER LOGISTICS, LTD."
250,VPEC,SEKO LOGISTICS
251,VPEC,N/A
252,VPEC,HECNY TRANSPORTATION INC.
253,VPEC,LAUFER GROUP INTERNATIONAL LTD
254,VPEC,"SEA DOMINION EXPRESS, INC"
255,CCOO,"MIDWEST AIR TECHNOLOGIES, INC"
256,CCOO,TOPOCEAN CONSOLIDATION SERVICE (LAX
257,CCOO,AMERICAN TEXTILE COMPANY
258,CCOO,C.H. ROBINSON INTERNATIONAL INC. (C
259,CCOO,HEDAYA HOME FASHIONS
260,CCOO,"M S INTERNATIONAL, INC."
261,CCOO,NEPTUNE SHIPPING LIMITED
262,CCOO,"HEDAYA HOME FASHIONS, INC"
263,CCOO,AMERASIA SHIPPING LOGISTICS U.S.
264,CCOO,MICHELIN NORTH AMERICA INC
265,CCOO,GREAT WORLD EXPRESS CORPORATION
266,CCOO,"EVANGEL SHIPPING, INC"
267,CCOO,SOUTH EAST WORLD WIDE LTD
268,CCOO,SANITIZED
269,CCOO,RTW LOGISTICS INC.
270,CCOO,DANIEL M FRIEDMAN & ASSOCIATES INC
271,CCOO,HANESBRANDS INC
272,CCOO,PERFECT EXPRESS CORP.
273,CCOO,WALMART INC.
274,CCOO,ADIDAS INTERNATIONAL TRADING AG
275,CCOO,YUSEN LOGISTICS (AMERICAS) INC.
276,CCOO,MTS LOGISTICS INC
277,CCOO,TRAN SMART LOGISTICS INC
278,CCOO,DE WELL CONTAINER SHIPPING INC.
279,ROJD,N/A
280,ROJD,STARLINK FREIGHT SYSTEM SFO INC.
281,CPTD,UNITED STONE GLOBAL LOGISTICS INC
282,CPTD,DE WELL CONTAINER SHIPPING INC.
283,CPTD,US PACIFIC TRANSPORT INC (NYC)
284,CPTD,TRANSCO SHIPPING CORP
285,CPTD,UNION LOGISTICS INC
286,CPTD,PUDONG PRIME INTERNATIONAL LOGISTIC
287,CPTD,"ALL AMERICA FORWARDING, INC."
288,CPTD,N/A
289,CPTD,TRAN SMART LOGISTICS INC
290,CPTD,"APEX LOGISTICS INTERNATIONAL (NY),"
291,CPTD,BARKLAYS LOGISTICS INC.
292,CPTD,DB SHIPPING USA INC
293,CPTD,JIZHEN GROUP INC
294,CPTD,SUN GLOBAL LOGISTICS INC
295,RTIB,"TRAN SMART LOGTISTICS,INC"
296,RTIB,N/A
297,PARB,A.C.T. LOGISTICS
298,PARB,TOPOCEAN CONSOLIDATION SERVICE (LAX
299,PARB,APEX LOGISTICS INTERNATIONAL INC
300,PARB,SANITIZED
301,PARB,BYD COACH AND BUS LLC
302,PARB,O.E.C. SHIPPING LOS ANGELES INC.
303,PARB,BVL GROUP (USA) INC.
304,PARB,"APEX MARITIME CO. (LAX), INC. DBA KE"
305,PARB,UNITED CUSTOMS SERVICES INC
306,PARB,"GLOBAL LINKS EXPRESS, INC."
307,PARB,APEX LOGISTICS INTERNATIONAL (LAX)
308,PARB,GB OCEAN INC
309,TIKG,MEDLINE INDUSTRIES INC
310,TIKG,"MEDLINE INDUSTRIES, LP."
311,TIKG,CANON U.S.A. INC.
312,TIKG,"AFFINITY SHIPPING (USA), INC."
313,TIKG,THE GOODYEAR TIRE & RUBBER COMPANY
314,TIKG,YSN IMPORTS
315,TIKG,"APEX SHIPPING CO. (NYC), INC."
316,TIKG,CN LINK FREIGHT SERVICES INC
317,TIKG,"SEAMAX FREIGHT INTERNATIONAL, INC"
318,TIKG,FEDEX TRADE NETWORKS TRANSPORT & BR
319,TIKG,DHL GLOBAL FORWARDING
320,TIKG,LF LOGISTICS USA LLC
321,TIKG,SEKO WORLDWIDE LLC-PITTSBURGH
322,TIKG,N/A
323,TIKG,LF FREIGHT(USA)LLC
324,TIKG,FNS INC ATL
325,TIKG,DYSON B2B INC
326,TIKG,EVEREST GLOBAL FREIGHT SERVICE INC.
327,TIKG,FNS INC
328,TIKG,INTRADECO APPAREL INC
329,TIKG,CGL COHESION GLOBAL LOGISTICS LLC
330,TIKG,"TO ORDER OF CITIBANK,NA"
331,TIKG,DIRECT SERVICE INC
332,TIKG,WEIDA FREIGHT SYSTEM INC.
333,TIKG,"WEIDA FREIGHT SYSTEM,INC."
334,PISN,FD SALES COMPANY LLC
335,PISN,"TTI OUTDOOR POWER EQUIPMENT, INC."
336,PISN,APEX LOGISTICS INTERNATIONAL ORD IN
337,PISN,"PIONEER GLOBAL LOGISTICS, INC."
338,PISN,EFL CONTAINER LINES LLC
339,PISN,DSV AIR & SEA (AUSTIN)
340,PISN,O.E.C. SHIPPING LOS ANGELES INC.
341,PISN,N/A
342,PISN,EFL GLOBAL USA
343,PISN,"THE BLOCK LOGISTICS,INC."
344,PISN,CROSS-CONTINENTS TRANS INC
345,PISN,THE FISHIN COMPANY
346,PISN,THE BLOCK LOGISTICS
347,OTDW,N/A
348,OTDW,"NIPPON EXPRESS U.S.A., INC. LOS ANG"
349,LBTI,KOKI HOLDINGS AMERICA LTD.
350,GSDY,UNIPAC SHIPPING INC. (LAX)
351,GSDY,"AM GLOBAL SHIPPING CO., LTD."
352,GSDY,"STRAIGHT FORWARDING,INC."
353,GSDY,ROHLIG USA LLC
354,GSDY,ROUND-THE-WORLD LOGISTICS
355,GSDY,HANKYU HANSHIN EXPRESS (USA) INC.
356,GSDY,EXPEDITORS INTL OF WA INC
357,GSDY,N/A
358,GSDY,"APEX MARITIME CO., (ORD) INC"
359,GSDY,ALLY NETWORK INC
360,GSDY,KUEHNE+NAGEL INC (TORRANCE)
361,USSN,KUEHNE + NAGEL INC
362,JTFJ,LF LOGISTICS USA LLC
363,JTFJ,ARGO FINE IMPORTS
364,BLHT,DE WELL CONTAINER SHIPPING INC.
365,BLHT,DIRECT SERVICE INC
366,CVDG,SANITIZED
367,CVDG,KUEHNE + NAGEL INC.
368,SBYB,C.H. ROBINSON INTERNATIONAL INC.
369,SBYB,TOPOCEAN CONSOLIDATION SERVICE (LAX
370,SBYB,TOPOCEAN CONSOLIDATION SERVICE (LOS
371,SBYB,"LL FLOORING SERVICES, LLC"
372,SBYB,HAI-WIND WORLDWIDE INC
373,SBYB,N/A
374,SBYB,COSTCO-WHOLESALE CORPORATION
375,SBYB,GEBRUDER WEISS INC.
376,SBYB,DSV AIR & SEA INC
377,XPOK,LG SOURCING INC
378,XPOK,SOUTH EAST WORLD WIDE LTD.
379,XPOK,C.H. ROBINSON INTERNATIONAL INC.
380,VUTP,KOCH MARITIME INC.
381,VUTP,DANUBE LOGSITCS USA INC.
382,VUTP,TRANSFREIGHT EXPRESS LINES
383,VUTP,WELLMAX LOGISTICS COMPANY LTD.
384,VUTP,MASTERPIECE INTERNATIONAL LTD.
385,VUTP,BISSELL HOMECARE INC
386,VUTP,MOHAWK GLOBAL LOGISTICS ALB
387,VUTP,FEDEX TRADE NETWORKS
388,VUTP,DANIEL M.FRIEDMAN
389,VUTP,UNIQUE LOGISTICS INTERNATIONAL
390,VUTP,UPS OCEAN FREIGHT SERVICES INC.
391,VUTP,AMERICAN GLOBAL LOGISTICS
392,VUTP,NORTH STAR EXPRESS INC
393,VUTP,BINEX LINE CORP
394,VUTP,DYNA LOGISTICS INC.
395,VUTP,IMMORTAL SERVICE INC
396,VUTP,PAN PACIFIC EXPRESS CORP.
397,VUTP,STARLINK FREIGHT SYSTEM (SFO) INC.
398,VUTP,UNIQUE LOGISTICS
399,LVES,FEDEX TRADE NETWORKS TRANSPORT & BR
400,EFTT,N/A
401,EFTT,UV INTERNATIONAL LLC
402,EFTT,GALLEON TECHNOLOGY  INC
403,KFKC,"TD LOGISTICS, INC"
404,KFKC,HUA FENG (USA) LOGISTICS INC.
405,KFKC,YSN IMPORTS
406,KFKC,NESPRESSO
407,KFKC,PANDA LOGISTICS CHICAGO INC
